9221,1882-08-21_09.txt
9256,1882-08-28_16.txt
9291,1882-09-04_18.txt
9330,1882-09-11_13.txt
9376,1882-09-22_06.txt
9402,1882-09-29_08.txt
9428,1882-10-06_06.txt
9453,1882-10-13_06.txt
9481,1882-10-20_12.txt
9502,1882-10-27_07.txt
9551,1882-11-10_04.txt
9579,1882-11-17_04.txt
9605,1882-11-24_06.txt
9650,1882-12-01_15.txt
9684,1882-12-08_09.txt
9719,1882-12-15_10.txt
9748,1882-12-22_05.txt
9756,1882-12-28_08.txt
9790,1883-01-06_13.txt
9824,1883-01-12_10.txt
9861,1883-01-19_08.txt
9906,1883-01-26_13.txt
9953,1883-02-02_13.txt
9998,1883-02-09_12.txt
10038,1883-02-16_11.txt
10073,1883-02-23_12.txt
10105,1883-03-02_08.txt
10152,1883-03-09_13.txt
10192,1883-03-16_11.txt
10222,1883-03-21_12.txt
10245,1883-03-30_07.txt
10275,1883-04-06_08.txt
10323,1883-04-13_11.txt
10356,1883-04-20_16.txt
10396,1883-04-27_09.txt
10399,1883-04-27_12.txt
10400,1883-04-27_13.txt
10431,1883-05-02_16.txt
10433,1883-05-02_18.txt
10434,1883-05-02_19.txt
10481,1883-05-11_16.txt
10485,1883-05-11_20.txt
10486,1883-05-11_21.txt
10510,1883-05-18_09.txt
10513,1883-05-18_12.txt
10514,1883-05-18_13.txt
10547,1883-05-25_08.txt
10548,1883-05-25_09.txt
10549,1883-05-25_10.txt
10588,1883-06-01_11.txt
10589,1883-06-01_12.txt
10590,1883-06-01_13.txt
10631,1883-06-08_13.txt
10632,1883-06-08_14.txt
10633,1883-06-08_15.txt
10654,1883-06-15_08.txt
10655,1883-06-15_09.txt
10656,1883-06-15_10.txt
10680,1883-06-22_11.txt
10683,1883-06-22_14.txt
10684,1883-06-22_15.txt
10710,1883-06-29_08.txt
10713,1883-06-29_11.txt
10714,1883-06-29_12.txt
10741,1883-07-05_08.txt
10744,1883-07-05_11.txt
10745,1883-07-05_12.txt
10767,1883-07-12_09.txt
10771,1883-07-12_13.txt
10772,1883-07-12_14.txt
10802,1883-07-19_14.txt
10806,1883-07-19_18.txt
10807,1883-07-19_19.txt
10831,1883-07-26_13.txt
10835,1883-07-26_17.txt
10836,1883-07-26_18.txt
10887,1883-08-09_09.txt
10892,1883-08-09_14.txt
10893,1883-08-09_15.txt
10914,1883-08-16_08.txt
10915,1883-08-16_09.txt
10916,1883-08-16_10.txt
10944,1883-08-23_13.txt
10948,1883-08-23_17.txt
10949,1883-08-23_18.txt
10979,1883-08-30_11.txt
10981,1883-08-30_13.txt
10982,1883-08-30_14.txt
11003,1883-09-06_07.txt
11007,1883-09-06_11.txt
11008,1883-09-06_12.txt
11036,1883-09-13_11.txt
11037,1883-09-13_12.txt
11038,1883-09-13_13.txt
11060,1883-09-20_09.txt
11061,1883-09-20_10.txt
11062,1883-09-20_11.txt
11081,1883-09-27_10.txt
11082,1883-09-27_11.txt
11083,1883-09-27_12.txt
11106,1883-10-04_06.txt
11113,1883-10-04_13.txt
11114,1883-10-04_14.txt
11138,1883-10-11_10.txt
11141,1883-10-11_13.txt
11142,1883-10-11_14.txt
11170,1883-10-18_13.txt
11171,1883-10-18_14.txt
11172,1883-10-18_15.txt
11191,1883-10-25_08.txt
11195,1883-10-25_12.txt
11196,1883-10-25_13.txt
11223,1883-11-01_09.txt
11226,1883-11-01_12.txt
11227,1883-11-01_13.txt
11254,1883-11-08_14.txt
11259,1883-11-08_19.txt
11260,1883-11-08_20.txt
11301,1883-11-15_21.txt
11302,1883-11-15_22.txt
11324,1883-11-22_11.txt
11326,1883-11-22_13.txt
11327,1883-11-22_14.txt
11366,1883-11-29_15.txt
11369,1883-11-29_18.txt
11370,1883-11-29_19.txt
11403,1883-12-06_10.txt
11404,1883-12-06_11.txt
11405,1883-12-06_12.txt
11438,1883-12-13_10.txt
11441,1883-12-13_13.txt
11442,1883-12-13_14.txt
11480,1883-12-20_14.txt
11481,1883-12-20_15.txt
11482,1883-12-20_16.txt
11499,1883-12-28_11.txt
11501,1883-12-28_13.txt
11502,1883-12-28_14.txt
11512,1884-01-03_10.txt
11513,1884-01-03_11.txt
11514,1884-01-03_12.txt
11543,1884-01-10_07.txt
11544,1884-01-10_08.txt
11545,1884-01-10_09.txt
11575,1884-01-17_10.txt
11580,1884-01-17_15.txt
11581,1884-01-17_16.txt
11611,1884-01-24_12.txt
11616,1884-01-24_17.txt
11617,1884-01-24_18.txt
11650,1884-01-31_12.txt
11654,1884-01-31_16.txt
11655,1884-01-31_17.txt
11684,1884-02-07_12.txt
11685,1884-02-07_13.txt
11686,1884-02-07_14.txt
11702,1884-02-14_05.txt
11703,1884-02-14_06.txt
11704,1884-02-14_07.txt
11735,1884-02-21_09.txt
11738,1884-02-21_12.txt
11739,1884-02-21_13.txt
11767,1884-02-28_11.txt
11770,1884-02-28_14.txt
11771,1884-02-28_15.txt
11803,1884-03-06_06.txt
11808,1884-03-06_11.txt
11809,1884-03-06_12.txt
11841,1884-03-13_09.txt
11845,1884-03-13_13.txt
11846,1884-03-13_14.txt
11873,1884-03-20_11.txt
11874,1884-03-20_12.txt
11875,1884-03-20_13.txt
11903,1884-03-27_11.txt
11904,1884-03-27_12.txt
11938,1884-04-03_13.txt
11939,1884-04-03_14.txt
11970,1884-04-10_13.txt
11971,1884-04-10_14.txt
11989,1884-04-18_09.txt
11993,1884-04-18_13.txt
11994,1884-04-18_14.txt
12015,1884-04-24_10.txt
12016,1884-04-24_11.txt
12017,1884-04-24_12.txt
12050,1884-05-01_12.txt
12051,1884-05-01_13.txt
12052,1884-05-01_14.txt
12088,1884-05-09_15.txt
12091,1884-05-09_18.txt
12092,1884-05-09_19.txt
12124,1884-05-15_16.txt
12125,1884-05-15_17.txt
12126,1884-05-15_18.txt
12154,1884-05-23_10.txt
12156,1884-05-23_12.txt
12157,1884-05-23_13.txt
12182,1884-05-29_15.txt
12184,1884-05-29_17.txt
12185,1884-05-29_18.txt
12217,1884-06-06_16.txt
12218,1884-06-06_17.txt
12262,1884-06-19_12.txt
12263,1884-06-19_13.txt
12264,1884-06-19_14.txt
12300,1884-06-26_15.txt
12301,1884-06-26_16.txt
12302,1884-06-26_17.txt
12328,1884-07-04_08.txt
12331,1884-07-04_11.txt
12332,1884-07-04_12.txt
12352,1884-07-11_09.txt
12354,1884-07-11_11.txt
12355,1884-07-11_12.txt
12385,1884-07-18_14.txt
12387,1884-07-18_16.txt
12388,1884-07-18_17.txt
12414,1884-07-25_15.txt
12415,1884-07-25_16.txt
12416,1884-07-25_17.txt
12445,1884-08-01_15.txt
12448,1884-08-01_18.txt
12449,1884-08-01_19.txt
12473,1884-08-08_16.txt
12476,1884-08-08_19.txt
12477,1884-08-08_20.txt
12497,1884-08-15_07.txt
12498,1884-08-15_08.txt
12499,1884-08-15_09.txt
12526,1884-08-22_15.txt
12527,1884-08-22_16.txt
12528,1884-08-22_17.txt
12545,1884-08-29_10.txt
12546,1884-08-29_11.txt
12547,1884-08-29_12.txt
12572,1884-09-05_08.txt
12575,1884-09-05_11.txt
12576,1884-09-05_12.txt
12599,1884-09-12_15.txt
12603,1884-09-12_19.txt
12604,1884-09-12_20.txt
12634,1884-09-19_10.txt
12635,1884-09-19_11.txt
12636,1884-09-19_12.txt
12656,1884-09-25_06.txt
12658,1884-09-25_08.txt
12659,1884-09-25_09.txt
12683,1884-10-02_04.txt
12684,1884-10-02_05.txt
12685,1884-10-02_06.txt
12719,1884-10-09_11.txt
12720,1884-10-09_12.txt
12721,1884-10-09_13.txt
12752,1884-10-16_09.txt
12753,1884-10-16_10.txt
12754,1884-10-16_11.txt
12784,1884-10-23_08.txt
12785,1884-10-23_09.txt
12786,1884-10-23_10.txt
12820,1884-10-31_14.txt
12822,1884-10-31_16.txt
12823,1884-10-31_17.txt
12847,1884-11-07_12.txt
12875,1884-11-14_15.txt
12876,1884-11-14_16.txt
12877,1884-11-14_17.txt
12910,1884-11-20_11.txt
12912,1884-11-20_13.txt
12913,1884-11-20_14.txt
12953,1884-11-27_11.txt
12956,1884-11-27_14.txt
12957,1884-11-27_15.txt
12991,1884-12-04_08.txt
12994,1884-12-04_11.txt
12995,1884-12-04_12.txt
13035,1884-12-11_15.txt
13036,1884-12-11_16.txt
13037,1884-12-11_17.txt
13079,1884-12-18_10.txt
13082,1884-12-18_13.txt
13083,1884-12-18_14.txt
13123,1884-12-29_11.txt
13126,1884-12-29_14.txt
13127,1884-12-29_15.txt
13163,1885-01-08_10.txt
13164,1885-01-08_11.txt
13165,1885-01-08_12.txt
13211,1885-01-15_14.txt
13214,1885-01-15_17.txt
13215,1885-01-15_18.txt
13244,1885-01-22_11.txt
13247,1885-01-22_14.txt
13248,1885-01-22_15.txt
13285,1885-01-29_11.txt
13286,1885-01-29_12.txt
13287,1885-01-29_13.txt
13328,1885-02-05_12.txt
13329,1885-02-05_13.txt
13330,1885-02-05_14.txt
13367,1885-02-12_09.txt
13368,1885-02-12_10.txt
13369,1885-02-12_11.txt
13463,1885-02-26_12.txt
13465,1885-02-26_14.txt
13466,1885-02-26_15.txt
13492,1885-03-03_10.txt
13493,1885-03-03_11.txt
13494,1885-03-03_12.txt
13505,1885-03-05_11.txt
13510,1885-03-05_16.txt
13511,1885-03-05_17.txt
13593,1885-03-27_15.txt
13595,1885-03-27_17.txt
13596,1885-03-27_18.txt
13616,1885-04-02_06.txt
13621,1885-04-02_11.txt
13622,1885-04-02_12.txt
13649,1885-04-10_11.txt
13651,1885-04-10_13.txt
13652,1885-04-10_14.txt
13673,1885-04-16_06.txt
13674,1885-04-16_07.txt
13675,1885-04-16_08.txt
13711,1885-04-23_08.txt
13714,1885-04-23_11.txt
13715,1885-04-23_12.txt
13750,1885-05-01_09.txt
13751,1885-05-01_10.txt
13752,1885-05-01_11.txt
13773,1885-05-07_08.txt
13776,1885-05-07_11.txt
13777,1885-05-07_12.txt
13812,1885-05-15_06.txt
13816,1885-05-15_10.txt
13817,1885-05-15_11.txt
13838,1885-05-22_12.txt
13840,1885-05-22_14.txt
13841,1885-05-22_15.txt
13862,1885-05-29_11.txt
13865,1885-05-29_14.txt
13866,1885-05-29_15.txt
13888,1885-06-05_11.txt
13894,1885-06-05_17.txt
13895,1885-06-05_18.txt
13919,1885-06-12_08.txt
13920,1885-06-12_09.txt
13921,1885-06-12_10.txt
13948,1885-06-19_14.txt
13951,1885-06-19_17.txt
13952,1885-06-19_18.txt
13992,1885-06-26_17.txt
13996,1885-06-26_21.txt
13997,1885-06-26_22.txt
14019,1885-07-03_13.txt
14020,1885-07-03_14.txt
14040,1885-07-10_08.txt
14041,1885-07-10_09.txt
14042,1885-07-10_10.txt
14057,1885-07-17_06.txt
14058,1885-07-17_07.txt
14059,1885-07-17_08.txt
14082,1885-07-24_12.txt
14083,1885-07-24_13.txt
14084,1885-07-24_14.txt
14097,1885-07-31_06.txt
14100,1885-07-31_09.txt
14101,1885-07-31_10.txt
14123,1885-08-07_09.txt
14124,1885-08-07_10.txt
14125,1885-08-07_11.txt
14148,1885-08-14_10.txt
14152,1885-08-14_14.txt
14153,1885-08-14_15.txt
14178,1885-08-21_10.txt
14181,1885-08-21_13.txt
14182,1885-08-21_14.txt
14210,1885-08-28_14.txt
14212,1885-08-28_16.txt
14213,1885-08-28_17.txt
14244,1885-09-04_11.txt
14248,1885-09-04_15.txt
14249,1885-09-04_16.txt
14274,1885-09-11_13.txt
14276,1885-09-11_15.txt
14277,1885-09-11_16.txt
14301,1885-09-18_15.txt
14303,1885-09-18_17.txt
14304,1885-09-18_18.txt
14331,1885-09-25_11.txt
14333,1885-09-25_13.txt
14334,1885-09-25_14.txt
14365,1885-10-02_11.txt
14366,1885-10-02_12.txt
14367,1885-10-02_13.txt
14389,1885-10-09_12.txt
14390,1885-10-09_13.txt
14391,1885-10-09_14.txt
14417,1885-10-16_14.txt
14418,1885-10-16_15.txt
14419,1885-10-16_16.txt
14447,1885-10-23_10.txt
14450,1885-10-23_13.txt
14451,1885-10-23_14.txt
14476,1885-10-30_12.txt
14479,1885-10-30_15.txt
14480,1885-10-30_16.txt
14505,1885-11-06_12.txt
14506,1885-11-06_13.txt
14507,1885-11-06_14.txt
14536,1885-11-13_15.txt
14537,1885-11-13_16.txt
14538,1885-11-13_17.txt
14568,1885-11-20_12.txt
14571,1885-11-20_15.txt
14572,1885-11-20_16.txt
14605,1885-11-27_14.txt
14608,1885-11-27_17.txt
14609,1885-11-27_18.txt
14634,1885-12-11_10.txt
14635,1885-12-11_11.txt
14636,1885-12-11_12.txt
14668,1885-12-18_11.txt
14720,1886-01-01_13.txt
14721,1886-01-01_14.txt
14722,1886-01-01_15.txt
14746,1886-01-08_13.txt
14751,1886-01-08_18.txt
14752,1886-01-08_19.txt
14778,1886-01-14_12.txt
14783,1886-01-14_17.txt
14784,1886-01-14_18.txt
14819,1886-01-21_13.txt
14820,1886-01-21_14.txt
14821,1886-01-21_15.txt
14859,1886-01-28_10.txt
14860,1886-01-28_11.txt
14861,1886-01-28_12.txt
14904,1886-02-04_17.txt
14905,1886-02-04_18.txt
14906,1886-02-04_19.txt
14919,1886-02-11_13.txt
14920,1886-02-11_14.txt
14958,1886-02-18_12.txt
14959,1886-02-18_13.txt
14960,1886-02-18_14.txt
14992,1886-02-25_10.txt
14993,1886-02-25_11.txt
14994,1886-02-25_12.txt
15026,1886-03-04_14.txt
15029,1886-03-04_17.txt
15030,1886-03-04_18.txt
15063,1886-03-11_10.txt
15064,1886-03-11_11.txt
15065,1886-03-11_12.txt
15105,1886-03-18_13.txt
15106,1886-03-18_14.txt
15107,1886-03-18_15.txt
15208,1886-04-01_17.txt
15266,1886-04-08_12.txt
15321,1886-04-15_18.txt
15377,1886-04-22_11.txt
15412,1886-04-30_10.txt
15452,1886-05-06_18.txt
15513,1886-05-13_14.txt
15573,1886-05-21_14.txt
15676,1886-06-04_15.txt
15727,1886-06-10_21.txt
15763,1886-06-18_17.txt
15798,1886-06-25_12.txt
15847,1886-07-02_19.txt
15894,1886-07-09_15.txt
15943,1886-07-16_20.txt
15989,1886-07-23_14.txt
16077,1886-08-06_15.txt
16113,1886-08-13_16.txt
16154,1886-08-20_16.txt
16189,1886-08-27_13.txt
16225,1886-09-03_15.txt
16261,1886-09-10_15.txt
16342,1886-09-24_15.txt
16396,1886-10-08_14.txt
16418,1886-10-10_18.txt
16499,1886-10-22_14.txt
16545,1886-10-29_16.txt
16598,1886-11-05_24.txt
16655,1886-11-12_24.txt
16702,1886-11-19_20.txt
16796,1886-12-02_11.txt
16912,1886-12-16_21.txt
16955,1886-12-22_17.txt
17135,1887-01-20_13.txt
17201,1887-01-27_17.txt
17245,1887-02-03_17.txt
17307,1887-02-10_19.txt
17407,1887-02-24_13.txt
17465,1887-03-03_11.txt
17521,1887-03-10_14.txt
17579,1887-03-17_14.txt
17627,1887-03-25_14.txt
17674,1887-04-01_18.txt
17716,1887-04-07_13.txt
17801,1887-04-21_12.txt
17849,1887-04-28_13.txt
17915,1887-05-06_13.txt
17969,1887-05-12_16.txt
18027,1887-05-20_14.txt
18061,1887-05-27_12.txt
18137,1887-06-09_18.txt
18238,1887-06-24_18.txt
18288,1887-07-01_20.txt
18332,1887-07-08_13.txt
18395,1887-07-22_19.txt
18429,1887-07-29_14.txt
18450,1887-08-05_17.txt
18474,1887-08-09_18.txt
18517,1887-08-19_21.txt
18541,1887-08-26_18.txt
18579,1887-09-02_16.txt
18656,1887-09-16_14.txt
18679,1887-09-23_19.txt
18723,1887-09-30_15.txt
18768,1887-10-07_20.txt
18822,1887-10-14_21.txt
18867,1887-10-21_14.txt
18913,1887-10-28_18.txt
18982,1887-11-04_30.txt
19100,1887-11-24_19.txt
19206,1887-12-08_20.txt
19273,1887-12-15_15.txt
19337,1887-12-22_17.txt
19465,1888-01-14_17.txt
19499,1888-01-19_12.txt
19551,1888-01-26_14.txt
19602,1888-02-02_13.txt
19667,1888-02-09_16.txt
19718,1888-02-16_15.txt
19758,1888-02-23_09.txt
19811,1888-03-01_12.txt
19979,1888-03-23_15.txt
20020,1888-03-29_15.txt
20071,1888-04-07_15.txt
20116,1888-04-13_18.txt
20157,1888-04-20_13.txt
20195,1888-04-27_11.txt
20242,1888-05-04_18.txt
20278,1888-05-11_15.txt
20317,1888-05-17_11.txt
20356,1888-05-25_12.txt
20390,1888-06-01_14.txt
20425,1888-06-08_11.txt
20514,1888-06-22_23.txt
20619,1888-07-06_19.txt
20659,1888-07-13_16.txt
20706,1888-07-20_14.txt
20773,1888-08-03_13.txt
20807,1888-08-10_14.txt
20857,1888-08-17_25.txt
20896,1888-08-24_16.txt
20976,1888-09-07_15.txt
21016,1888-09-14_14.txt
21054,1888-09-21_13.txt
21097,1888-09-28_13.txt
21132,1888-10-05_09.txt
21173,1888-10-12_14.txt
21213,1888-10-19_14.txt
21250,1888-10-26_12.txt
21280,1888-11-02_10.txt
21363,1888-11-16_15.txt
21402,1888-11-22_11.txt
21455,1888-11-30_11.txt
21500,1888-12-07_18.txt
21544,1888-12-14_14.txt
21620,1889-01-04_15.txt
21659,1889-01-11_12.txt
21693,1889-01-18_15.txt
21729,1889-01-25_09.txt
21760,1889-02-01_13.txt
21805,1889-02-08_15.txt
21839,1889-02-15_11.txt
21876,1889-02-22_11.txt
21983,1889-03-15_11.txt
22026,1889-03-22_12.txt
22069,1889-03-29_14.txt
22104,1889-04-05_13.txt
22224,1889-05-03_12.txt
22258,1889-05-10_13.txt
22294,1889-05-17_10.txt
22324,1889-05-24_10.txt
22359,1889-05-31_13.txt
22400,1889-06-06_11.txt
22434,1889-06-14_11.txt
22464,1889-06-21_13.txt
22494,1889-06-28_12.txt
22520,1889-07-05_08.txt
22554,1889-07-12_11.txt
22588,1889-07-19_11.txt
22626,1889-07-26_11.txt
22661,1889-08-02_14.txt
22698,1889-08-09_12.txt
22732,1889-08-16_14.txt
22759,1889-08-23_12.txt
22790,1889-08-30_10.txt
22819,1889-09-06_10.txt
22847,1889-09-13_10.txt
22888,1889-09-20_15.txt
22917,1889-09-27_10.txt
22948,1889-10-04_12.txt
22974,1889-10-11_10.txt
23006,1889-10-18_12.txt
23031,1889-10-25_13.txt
23063,1889-11-01_11.txt
23090,1889-11-08_10.txt
23119,1889-11-15_10.txt
23149,1889-11-22_09.txt
23172,1889-11-29_04.txt
23205,1889-12-06_12.txt
23236,1889-12-13_13.txt
23268,1889-12-20_12.txt
23300,1890-01-03_14.txt
23337,1890-01-11_10.txt
23382,1890-01-17_14.txt
23415,1890-01-24_13.txt
23470,1890-02-07_09.txt
23504,1890-02-14_12.txt
23549,1890-02-21_14.txt
23616,1890-03-07_10.txt
23646,1890-03-14_11.txt
23678,1890-03-21_11.txt
23707,1890-03-28_13.txt
23748,1890-04-11_08.txt
23772,1890-04-18_10.txt
23794,1890-04-25_09.txt
23823,1890-05-02_11.txt
23840,1890-05-09_06.txt
23870,1890-05-16_08.txt
23898,1890-05-22_08.txt
23940,1890-06-06_08.txt
23967,1890-06-13_08.txt
23994,1890-06-20_09.txt
24021,1890-06-27_11.txt
24072,1890-07-11_09.txt
24092,1890-07-18_08.txt
24114,1890-07-25_08.txt
24158,1890-08-08_08.txt
24190,1890-08-15_13.txt
24215,1890-08-22_10.txt
24238,1890-08-29_07.txt
24328,1890-09-26_10.txt
24353,1890-10-03_07.txt
24379,1890-10-10_10.txt
24410,1890-10-17_12.txt
24434,1890-10-24_08.txt
24455,1890-10-31_07.txt
24481,1890-11-07_09.txt
24505,1890-11-14_07.txt
24537,1890-11-21_10.txt
24567,1890-11-28_10.txt
24586,1890-12-05_07.txt
24613,1890-12-12_08.txt
24682,1891-01-09_07.txt
24734,1891-01-23_09.txt
24758,1891-01-30_09.txt
24780,1891-02-06_08.txt
24806,1891-02-13_09.txt
24829,1891-02-20_08.txt
24860,1891-02-27_12.txt
24888,1891-03-06_09.txt
24944,1891-03-20_10.txt
24989,1891-04-03_11.txt
25013,1891-04-10_09.txt
25037,1891-04-17_07.txt
25089,1891-05-01_11.txt
25113,1891-05-08_06.txt
25140,1891-05-14_11.txt
25152,1891-05-21_09.txt
25178,1891-05-29_09.txt
25204,1891-06-05_10.txt
25231,1891-06-12_11.txt
25254,1891-06-19_06.txt
25285,1891-06-26_12.txt
25312,1891-07-03_09.txt
25333,1891-07-10_08.txt
25360,1891-07-17_10.txt
25385,1891-07-24_09.txt
25415,1891-07-31_13.txt
25440,1891-08-07_07.txt
25470,1891-08-14_10.txt
25496,1891-08-21_11.txt
25536,1891-09-04_07.txt
25559,1891-09-11_09.txt
25587,1891-09-18_12.txt
25613,1891-09-25_09.txt
25639,1891-10-02_11.txt
25664,1891-10-09_10.txt
25691,1891-10-16_08.txt
25715,1891-10-23_07.txt
25737,1891-10-30_08.txt
25762,1891-11-06_10.txt
25787,1891-11-13_09.txt
25835,1891-11-27_09.txt
25859,1891-12-04_10.txt
25872,1891-12-11_05.txt
25901,1891-12-18_07.txt
25946,1893-01-06_04.txt
25977,1893-01-13_05.txt
26006,1893-01-20_05.txt
26040,1893-01-27_07.txt
26070,1893-02-03_06.txt
26133,1893-02-17_12.txt
26162,1893-02-24_08.txt
26232,1893-03-10_07.txt
26262,1893-03-17_06.txt
26288,1893-03-24_04.txt
26325,1893-04-07_06.txt
26352,1893-04-14_06.txt
26386,1893-04-21_13.txt
26415,1893-04-28_04.txt
26452,1893-05-05_04.txt
26489,1893-05-12_08.txt
26523,1893-05-18_08.txt
26554,1893-05-26_08.txt
26592,1893-06-02_10.txt
26624,1893-06-09_12.txt
26659,1893-06-16_10.txt
26717,1893-06-29_14.txt
26744,1893-07-06_08.txt
26777,1893-07-13_12.txt
26806,1893-07-21_08.txt
26839,1893-07-28_10.txt
26871,1893-08-04_09.txt
26907,1893-08-11_09.txt
26934,1893-08-18_09.txt
26958,1893-08-25_09.txt
26990,1893-09-01_12.txt
27023,1893-09-08_14.txt
27047,1893-09-15_11.txt
27073,1893-09-22_07.txt
27097,1893-09-29_08.txt
27120,1893-10-06_06.txt
27148,1893-10-13_11.txt
27170,1893-10-20_08.txt
27196,1893-10-27_08.txt
27221,1893-11-03_10.txt
27253,1893-11-10_11.txt
27281,1893-11-16_07.txt
27319,1893-11-24_10.txt
27346,1893-12-01_11.txt
27376,1893-12-08_10.txt
27402,1893-12-15_06.txt
27431,1893-12-28_09.txt
27452,1894-01-05_08.txt
27473,1894-01-12_10.txt
27497,1894-01-19_03.txt
27561,1894-02-02_08.txt
27582,1894-02-09_07.txt
27614,1894-02-16_07.txt
27641,1894-02-23_06.txt
27677,1894-03-02_11.txt
27710,1894-03-09_08.txt
27755,1894-03-16_12.txt
27790,1894-03-29_09.txt
27822,1894-04-06_09.txt
27859,1894-04-13_14.txt
27896,1894-04-20_13.txt
27936,1894-04-27_15.txt
27976,1894-05-04_14.txt
28013,1894-05-11_14.txt
28038,1894-05-18_17.txt
28082,1894-05-25_13.txt
28117,1894-06-01_09.txt
28163,1894-06-08_13.txt
28203,1894-06-15_13.txt
28234,1894-06-22_10.txt
28265,1894-06-29_12.txt
28292,1894-07-06_10.txt
28323,1894-07-13_09.txt
28358,1894-07-20_11.txt
28395,1894-07-27_16.txt
28427,1894-08-03_11.txt
28462,1894-08-10_10.txt
28505,1894-08-17_11.txt
28543,1894-08-24_15.txt
28579,1894-08-31_11.txt
28615,1894-09-07_10.txt
28648,1894-09-14_10.txt
28682,1894-09-21_11.txt
28715,1894-09-28_11.txt
28754,1894-10-05_12.txt
28797,1894-10-12_16.txt
28844,1894-10-19_17.txt
28892,1894-10-26_18.txt
28935,1894-11-02_17.txt
28975,1894-11-09_16.txt
29022,1894-11-16_14.txt
29063,1894-11-23_13.txt
29106,1894-11-30_15.txt
29136,1894-12-07_08.txt
